Paciente1;Paciente2;Distancia
1;2;1.4142135623730951
1;3;17.804493814764857
1;4;19.1049731745428
1;5;76.55063683601855
2;1;1.4142135623730951
2;3;16.401219466856727
2;4;17.69180601295413
2;5;75.27283706623525
3;1;17.804493814764857
3;2;16.401219466856727
3;4;2.0
3;5;59.90826320300064
4;1;19.1049731745428
4;2;17.69180601295413
4;3;2.0
4;5;59.43904440685432
5;1;76.55063683601855
5;2;75.27283706623525
5;3;59.90826320300064
5;4;59.43904440685432
